name,country,current_club,dob,country_code,pic
Lyda T. Teffrey,SE,62dfa19eff3200a8b019040b,1983-02-25,6263077484,http://dummyimage.com/146x100.png/5fa2dd/ffffff
Tomaso E. Erie,EE,62a83cd4ea3a7bd1fddd6dd6,1983-02-06,2445015588,http://dummyimage.com/199x100.png/ff4444/ffffff
Roxane D. Duck,RU,62a83cd4ea3a7bd1fddd6dd6,1983-01-01,5878051036,http://dummyimage.com/236x100.png/cc0000/ffffff
Maribel A. Adamoli,KG,62a83cd4ea3a7bd1fddd6dd6,1983-02-09,8561962682,http://dummyimage.com/198x100.png/cc0000/ffffff
Sabina V. Verheijden,FR,62a83cd4ea3a7bd1fddd6dd6,1983-07-01,9947167194,http://dummyimage.com/120x100.png/5fa2dd/ffffff
Thorstein M. MacCarroll,UG,62a83cd4ea3a7bd1fddd6dd6,1983-02-10,1006907041,http://dummyimage.com/103x100.png/5fa2dd/ffffff
Hailee W. Wilkes,KZ,62a83cd4ea3a7bd1fddd6dd6,1983-01-11,8524808934,http://dummyimage.com/118x100.png/cc0000/ffffff
Rusty D. Digby,FR,62a83cd4ea3a7bd1fddd6dd6,1983-02-14,7931337905,http://dummyimage.com/142x100.png/ff4444/ffffff
Sig F. Foreman,CN,62a83cd4ea3a7bd1fddd6dd6,1983-04-07,0443195161,http://dummyimage.com/135x100.png/5fa2dd/ffffff
Chelsea G. Gerardet,RU,62a83cd4ea3a7bd1fddd6dd6,1983-07-31,7385766471,http://dummyimage.com/158x100.png/5fa2dd/ffffff
Blayne M. McCulloch,PT,62a83cd4ea3a7bd1fddd6dd6,1983-05-21,1419116746,http://dummyimage.com/186x100.png/dddddd/000000
Burr G. Gwin,CM,62a83cd4ea3a7bd1fddd6dd6,1983-01-23,3899911563,http://dummyimage.com/155x100.png/ff4444/ffffff
Aidan F. Frany,JP,62a83cd4ea3a7bd1fddd6dd6,1983-07-28,8920788367,http://dummyimage.com/212x100.png/cc0000/ffffff
Katerina Q. Quade,DO,62a83cd4ea3a7bd1fddd6dd6,1983-05-06,2398889297,http://dummyimage.com/139x100.png/ff4444/ffffff
Ingram H. Horsburgh,SE,62a83cd4ea3a7bd1fddd6dd6,1983-06-10,0208200223,http://dummyimage.com/194x100.png/5fa2dd/ffffff
Richie T. Tytherton,GR,62a83cd4ea3a7bd1fddd6dd6,1983-03-15,8213393317,http://dummyimage.com/243x100.png/cc0000/ffffff
George M. Melsome,UA,62a83cd4ea3a7bd1fddd6dd6,1983-07-27,9212768466,http://dummyimage.com/146x100.png/5fa2dd/ffffff
Betta T. Tilburn,PL,62a83cd4ea3a7bd1fddd6dd6,1983-03-31,9534559210,http://dummyimage.com/215x100.png/dddddd/000000
Heriberto F. Fetherstonhaugh,BR,62a83cd4ea3a7bd1fddd6dd6,1983-04-16,9073986907,http://dummyimage.com/241x100.png/ff4444/ffffff